Metric,Value
design__lint_error__count,0
design__lint_timing_construct__count,0
design__lint_warning__count,396
design__inferred_latch__count,0
design__instance__count,101777
design__instance__area,2.01844E+6
design__instance_unmapped__count,0
synthesis__check_error__count,0
design__max_slew_violation__count__corner:nom_tt_025C_5v00,1295
design__max_fanout_violation__count__corner:nom_tt_025C_5v00,7
design__max_cap_violation__count__corner:nom_tt_025C_5v00,101
power__internal__total,0.027139924466609955
power__switching__total,0.006620429456233978
power__leakage__total,0.00001315374902333133
power__total,0.0337735079228878
clock__skew__worst_hold__corner:nom_tt_025C_5v00,0.0
clock__skew__worst_setup__corner:nom_tt_025C_5v00,0.0
timing__hold__ws__corner:nom_tt_025C_5v00,10.936517778723442
timing__setup__ws__corner:nom_tt_025C_5v00,3.340436466430907
timing__hold__tns__corner:nom_tt_025C_5v00,0.0
timing__setup__tns__corner:nom_tt_025C_5v00,0.0
timing__hold__wns__corner:nom_tt_025C_5v00,0
timing__setup__wns__corner:nom_tt_025C_5v00,0.0
timing__hold_vio__count__corner:nom_tt_025C_5v00,0
timing__hold_r2r__ws__corner:nom_tt_025C_5v00,Infinity
timing__hold_r2r_vio__count__corner:nom_tt_025C_5v00,0
timing__setup_vio__count__corner:nom_tt_025C_5v00,0
timing__setup_r2r__ws__corner:nom_tt_025C_5v00,Infinity
timing__setup_r2r_vio__count__corner:nom_tt_025C_5v00,0
design__max_slew_violation__count__corner:nom_ss_125C_4v50,12932
design__max_fanout_violation__count__corner:nom_ss_125C_4v50,7
design__max_cap_violation__count__corner:nom_ss_125C_4v50,105
clock__skew__worst_hold__corner:nom_ss_125C_4v50,0.0
clock__skew__worst_setup__corner:nom_ss_125C_4v50,0.0
timing__hold__ws__corner:nom_ss_125C_4v50,15.206650591376965
timing__setup__ws__corner:nom_ss_125C_4v50,-1.0317569313168278
timing__hold__tns__corner:nom_ss_125C_4v50,0.0
timing__setup__tns__corner:nom_ss_125C_4v50,-1.0317569313168278
timing__hold__wns__corner:nom_ss_125C_4v50,0
timing__setup__wns__corner:nom_ss_125C_4v50,-1.0317569313168278
timing__hold_vio__count__corner:nom_ss_125C_4v50,0
timing__hold_r2r__ws__corner:nom_ss_125C_4v50,Infinity
timing__hold_r2r_vio__count__corner:nom_ss_125C_4v50,0
timing__setup_vio__count__corner:nom_ss_125C_4v50,1
timing__setup_r2r__ws__corner:nom_ss_125C_4v50,Infinity
timing__setup_r2r_vio__count__corner:nom_ss_125C_4v50,0
design__max_slew_violation__count__corner:nom_ff_n40C_5v50,236
design__max_fanout_violation__count__corner:nom_ff_n40C_5v50,7
design__max_cap_violation__count__corner:nom_ff_n40C_5v50,99
clock__skew__worst_hold__corner:nom_ff_n40C_5v50,0.0
clock__skew__worst_setup__corner:nom_ff_n40C_5v50,0.0
timing__hold__ws__corner:nom_ff_n40C_5v50,9.00790667553809
timing__setup__ws__corner:nom_ff_n40C_5v50,5.307457290551702
timing__hold__tns__corner:nom_ff_n40C_5v50,0.0
timing__setup__tns__corner:nom_ff_n40C_5v50,0.0
timing__hold__wns__corner:nom_ff_n40C_5v50,0
timing__setup__wns__corner:nom_ff_n40C_5v50,0.0
timing__hold_vio__count__corner:nom_ff_n40C_5v50,0
timing__hold_r2r__ws__corner:nom_ff_n40C_5v50,Infinity
timing__hold_r2r_vio__count__corner:nom_ff_n40C_5v50,0
timing__setup_vio__count__corner:nom_ff_n40C_5v50,0
timing__setup_r2r__ws__corner:nom_ff_n40C_5v50,Infinity
timing__setup_r2r_vio__count__corner:nom_ff_n40C_5v50,0
design__max_slew_violation__count,16411
design__max_fanout_violation__count,7
design__max_cap_violation__count,196
clock__skew__worst_hold,0.0
clock__skew__worst_setup,0.0
timing__hold__ws,8.936153403516453
timing__setup__ws,-1.300459332584969
timing__hold__tns,0.0
timing__setup__tns,-1.300459332584969
timing__hold__wns,0
timing__setup__wns,-1.300459332584969
timing__hold_vio__count,0
timing__hold_r2r__ws,inf
timing__hold_r2r_vio__count,0
timing__setup_vio__count,3
timing__setup_r2r__ws,inf
timing__setup_r2r_vio__count,0
design__die__bbox,0.0 0.0 1436.19 1454.11
design__core__bbox,6.72 15.68 1429.12 1434.72
design__io,8
design__die__area,2.08838E+6
design__core__area,2.01844E+6
design__instance__count__stdcell,46420
design__instance__area__stdcell,1.26856E+6
design__instance__count__macros,0
design__instance__area__macros,0
design__instance__count__padcells,0
design__instance__area__padcells,0
design__instance__count__cover,0
design__instance__area__cover,0
design__instance__utilization,0.628482
design__instance__utilization__stdcell,0.628482
design__rows,362
design__rows:GF018hv5v_mcu_sc7,362
design__sites,919480
design__sites:GF018hv5v_mcu_sc7,919480
design__instance__count__class:inverter,221
design__instance__area__class:inverter,1940.56
design__instance__count__class:sequential_cell,8377
design__instance__area__class:sequential_cell,537530
design__instance__count__class:multi_input_combinational_cell,18180
design__instance__area__class:multi_input_combinational_cell,472701
flow__warnings__count,1
flow__errors__count,0
flow__warnings__count:ODB-0220,1
flow__warnings__count:STA-0366,2
flow__warnings__count:STA-0419,1
flow__warnings__count:STA-0450,1
flow__warnings__type_count,1
flow__warnings__count:ORD-0039,1
design__instance__count__class:endcap_cell,724
design__instance__area__class:endcap_cell,3178.65
design__instance__count__class:tap_cell,13108
design__instance__area__class:tap_cell,57549.4
design__power_grid_violation__count__net:VSS,0
design__power_grid_violation__count__net:VDD,0
design__power_grid_violation__count,0
floorplan__design__io,6
design__io__hpwl,6695005
flow__warnings__count:GRT-0281,7
timing__drv__floating__nets,2
timing__drv__floating__pins,0
design__instance__displacement__total,0
design__instance__displacement__mean,0
design__instance__displacement__max,0
route__wirelength__estimated,1.84269E+6
design__violations,0
design__instance__count__class:timing_repair_buffer,5597
design__instance__area__class:timing_repair_buffer,194721
flow__warnings__count:RSZ-0020,1
flow__warnings__count:STA-1140,6
design__instance__count__setup_buffer,0
design__instance__count__hold_buffer,0
global_route__vias,230
global_route__wirelength,3058003
antenna__violating__nets,2
antenna__violating__pins,2
route__antenna_violation__count,2
antenna_diodes_count,106
design__instance__count__class:antenna_cell,213
design__instance__area__class:antenna_cell,935.155
flow__warnings__count:GRT-0243,1
route__net,32377
route__net__special,2
route__drc_errors__iter:0,170
route__wirelength__iter:0,2229569
route__drc_errors__iter:1,39
route__wirelength__iter:1,2229536
route__drc_errors__iter:2,26
route__wirelength__iter:2,2229537
route__drc_errors__iter:3,0
route__wirelength__iter:3,2229444
route__drc_errors__iter:4,0
route__wirelength__iter:4,2229290
route__drc_errors__iter:5,1
route__wirelength__iter:5,2228518
route__drc_errors__iter:6,0
route__wirelength__iter:6,2228518
route__drc_errors,0
route__wirelength,2229444
route__vias,240952
route__vias__singlecut,240952
route__vias__multicut,0
flow__warnings__count:DRT-0349,8
design__disconnected_pin__count,0
design__critical_disconnected_pin__count,0
route__wirelength__max,2141.31
design__instance__count__class:fill_cell,55357
design__instance__area__class:fill_cell,749887
timing__unannotated_net__count__corner:nom_tt_025C_5v00,0
timing__unannotated_net_filtered__count__corner:nom_tt_025C_5v00,0
timing__unannotated_net__count__corner:nom_ss_125C_4v50,0
timing__unannotated_net_filtered__count__corner:nom_ss_125C_4v50,0
timing__unannotated_net__count__corner:nom_ff_n40C_5v50,0
timing__unannotated_net_filtered__count__corner:nom_ff_n40C_5v50,0
design__max_slew_violation__count__corner:min_tt_025C_5v00,625
design__max_fanout_violation__count__corner:min_tt_025C_5v00,7
design__max_cap_violation__count__corner:min_tt_025C_5v00,63
clock__skew__worst_hold__corner:min_tt_025C_5v00,0.0
clock__skew__worst_setup__corner:min_tt_025C_5v00,0.0
timing__hold__ws__corner:min_tt_025C_5v00,10.82746545291161
timing__setup__ws__corner:min_tt_025C_5v00,3.470578589414978
timing__hold__tns__corner:min_tt_025C_5v00,0.0
timing__setup__tns__corner:min_tt_025C_5v00,0.0
timing__hold__wns__corner:min_tt_025C_5v00,0
timing__setup__wns__corner:min_tt_025C_5v00,0.0
timing__hold_vio__count__corner:min_tt_025C_5v00,0
timing__hold_r2r__ws__corner:min_tt_025C_5v00,Infinity
timing__hold_r2r_vio__count__corner:min_tt_025C_5v00,0
timing__setup_vio__count__corner:min_tt_025C_5v00,0
timing__setup_r2r__ws__corner:min_tt_025C_5v00,Infinity
timing__setup_r2r_vio__count__corner:min_tt_025C_5v00,0
timing__unannotated_net__count__corner:min_tt_025C_5v00,0
timing__unannotated_net_filtered__count__corner:min_tt_025C_5v00,0
design__max_slew_violation__count__corner:min_ss_125C_4v50,10462
design__max_fanout_violation__count__corner:min_ss_125C_4v50,7
design__max_cap_violation__count__corner:min_ss_125C_4v50,63
clock__skew__worst_hold__corner:min_ss_125C_4v50,0.0
clock__skew__worst_setup__corner:min_ss_125C_4v50,0.0
timing__hold__ws__corner:min_ss_125C_4v50,15.019504287625931
timing__setup__ws__corner:min_ss_125C_4v50,-0.8049419136848204
timing__hold__tns__corner:min_ss_125C_4v50,0.0
timing__setup__tns__corner:min_ss_125C_4v50,-0.8049419136848204
timing__hold__wns__corner:min_ss_125C_4v50,0
timing__setup__wns__corner:min_ss_125C_4v50,-0.8049419136848204
timing__hold_vio__count__corner:min_ss_125C_4v50,0
timing__hold_r2r__ws__corner:min_ss_125C_4v50,Infinity
timing__hold_r2r_vio__count__corner:min_ss_125C_4v50,0
timing__setup_vio__count__corner:min_ss_125C_4v50,1
timing__setup_r2r__ws__corner:min_ss_125C_4v50,Infinity
timing__setup_r2r_vio__count__corner:min_ss_125C_4v50,0
timing__unannotated_net__count__corner:min_ss_125C_4v50,0
timing__unannotated_net_filtered__count__corner:min_ss_125C_4v50,0
design__max_slew_violation__count__corner:min_ff_n40C_5v50,112
design__max_fanout_violation__count__corner:min_ff_n40C_5v50,7
design__max_cap_violation__count__corner:min_ff_n40C_5v50,61
clock__skew__worst_hold__corner:min_ff_n40C_5v50,0.0
clock__skew__worst_setup__corner:min_ff_n40C_5v50,0.0
timing__hold__ws__corner:min_ff_n40C_5v50,8.936153403516453
timing__setup__ws__corner:min_ff_n40C_5v50,5.393425414493452
timing__hold__tns__corner:min_ff_n40C_5v50,0.0
timing__setup__tns__corner:min_ff_n40C_5v50,0.0
timing__hold__wns__corner:min_ff_n40C_5v50,0
timing__setup__wns__corner:min_ff_n40C_5v50,0.0
timing__hold_vio__count__corner:min_ff_n40C_5v50,0
timing__hold_r2r__ws__corner:min_ff_n40C_5v50,Infinity
timing__hold_r2r_vio__count__corner:min_ff_n40C_5v50,0
timing__setup_vio__count__corner:min_ff_n40C_5v50,0
timing__setup_r2r__ws__corner:min_ff_n40C_5v50,Infinity
timing__setup_r2r_vio__count__corner:min_ff_n40C_5v50,0
timing__unannotated_net__count__corner:min_ff_n40C_5v50,0
timing__unannotated_net_filtered__count__corner:min_ff_n40C_5v50,0
design__max_slew_violation__count__corner:max_tt_025C_5v00,2630
design__max_fanout_violation__count__corner:max_tt_025C_5v00,7
design__max_cap_violation__count__corner:max_tt_025C_5v00,185
clock__skew__worst_hold__corner:max_tt_025C_5v00,0.0
clock__skew__worst_setup__corner:max_tt_025C_5v00,0.0
timing__hold__ws__corner:max_tt_025C_5v00,11.065003448907923
timing__setup__ws__corner:max_tt_025C_5v00,3.185083398290634
timing__hold__tns__corner:max_tt_025C_5v00,0.0
timing__setup__tns__corner:max_tt_025C_5v00,0.0
timing__hold__wns__corner:max_tt_025C_5v00,0
timing__setup__wns__corner:max_tt_025C_5v00,0.0
timing__hold_vio__count__corner:max_tt_025C_5v00,0
timing__hold_r2r__ws__corner:max_tt_025C_5v00,Infinity
timing__hold_r2r_vio__count__corner:max_tt_025C_5v00,0
timing__setup_vio__count__corner:max_tt_025C_5v00,0
timing__setup_r2r__ws__corner:max_tt_025C_5v00,Infinity
timing__setup_r2r_vio__count__corner:max_tt_025C_5v00,0
timing__unannotated_net__count__corner:max_tt_025C_5v00,0
timing__unannotated_net_filtered__count__corner:max_tt_025C_5v00,0
design__max_slew_violation__count__corner:max_ss_125C_4v50,16411
design__max_fanout_violation__count__corner:max_ss_125C_4v50,7
design__max_cap_violation__count__corner:max_ss_125C_4v50,196
clock__skew__worst_hold__corner:max_ss_125C_4v50,0.0
clock__skew__worst_setup__corner:max_ss_125C_4v50,0.0
timing__hold__ws__corner:max_ss_125C_4v50,15.42665949758632
timing__setup__ws__corner:max_ss_125C_4v50,-1.300459332584969
timing__hold__tns__corner:max_ss_125C_4v50,0.0
timing__setup__tns__corner:max_ss_125C_4v50,-1.300459332584969
timing__hold__wns__corner:max_ss_125C_4v50,0
timing__setup__wns__corner:max_ss_125C_4v50,-1.300459332584969
timing__hold_vio__count__corner:max_ss_125C_4v50,0
timing__hold_r2r__ws__corner:max_ss_125C_4v50,Infinity
timing__hold_r2r_vio__count__corner:max_ss_125C_4v50,0
timing__setup_vio__count__corner:max_ss_125C_4v50,1
timing__setup_r2r__ws__corner:max_ss_125C_4v50,Infinity
timing__setup_r2r_vio__count__corner:max_ss_125C_4v50,0
timing__unannotated_net__count__corner:max_ss_125C_4v50,0
timing__unannotated_net_filtered__count__corner:max_ss_125C_4v50,0
design__max_slew_violation__count__corner:max_ff_n40C_5v50,380
design__max_fanout_violation__count__corner:max_ff_n40C_5v50,7
design__max_cap_violation__count__corner:max_ff_n40C_5v50,178
clock__skew__worst_hold__corner:max_ff_n40C_5v50,0.0
clock__skew__worst_setup__corner:max_ff_n40C_5v50,0.0
timing__hold__ws__corner:max_ff_n40C_5v50,9.093334342896165
timing__setup__ws__corner:max_ff_n40C_5v50,5.2046670668650705
timing__hold__tns__corner:max_ff_n40C_5v50,0.0
timing__setup__tns__corner:max_ff_n40C_5v50,0.0
timing__hold__wns__corner:max_ff_n40C_5v50,0
timing__setup__wns__corner:max_ff_n40C_5v50,0.0
timing__hold_vio__count__corner:max_ff_n40C_5v50,0
timing__hold_r2r__ws__corner:max_ff_n40C_5v50,Infinity
timing__hold_r2r_vio__count__corner:max_ff_n40C_5v50,0
timing__setup_vio__count__corner:max_ff_n40C_5v50,0
timing__setup_r2r__ws__corner:max_ff_n40C_5v50,Infinity
timing__setup_r2r_vio__count__corner:max_ff_n40C_5v50,0
timing__unannotated_net__count__corner:max_ff_n40C_5v50,0
timing__unannotated_net_filtered__count__corner:max_ff_n40C_5v50,0
timing__unannotated_net__count,0
timing__unannotated_net_filtered__count,0
design_powergrid__voltage__worst__net:VDD__corner:nom_tt_025C_5v00,4.99996
design_powergrid__drop__average__net:VDD__corner:nom_tt_025C_5v00,4.99999
design_powergrid__drop__worst__net:VDD__corner:nom_tt_025C_5v00,0.0000392234
design_powergrid__voltage__worst__net:VSS__corner:nom_tt_025C_5v00,0.0000393643
design_powergrid__drop__average__net:VSS__corner:nom_tt_025C_5v00,0.0000136441
design_powergrid__drop__worst__net:VSS__corner:nom_tt_025C_5v00,0.0000393643
design_powergrid__voltage__worst,0.0000393643
design_powergrid__voltage__worst__net:VDD,4.99996
design_powergrid__drop__worst,0.0000393643
design_powergrid__drop__worst__net:VDD,0.0000392234
design_powergrid__voltage__worst__net:VSS,0.0000393643
design_powergrid__drop__worst__net:VSS,0.0000393643
ir__voltage__worst,5
ir__drop__avg,0.00001380000000000000001079865363795562416271422989666461944580078125
ir__drop__worst,0.0000391999999999999973790930363204410014077438972890377044677734375
design__xor_difference__count,0
magic__drc_error__count,0
magic__illegal_overlap__count,0
design__lvs_device_difference__count,0
design__lvs_net_difference__count,0
design__lvs_property_fail__count,0
design__lvs_error__count,0
design__lvs_unmatched_device__count,0
design__lvs_unmatched_net__count,0
design__lvs_unmatched_pin__count,0
